p,t,min,k
0.651685393258427,20,3370.0,2045.7303370786522
0.6573033707865169,20,3370.0,2045.7303370786522
0.702247191011236,20,3370.0,2045.7303370786522
0.7247191011235955,20,3370.0,2045.7303370786522
0.7415730337078652,20,3360.0,2055.730337078652
