p,t,min,k
0.7078651685393258,20,3402.0,1676.651685393258
0.6404494382022472,20,3402.0,1676.651685393258
0.6404494382022472,20,3402.0,1676.651685393258
0.6404494382022472,20,3402.0,1676.651685393258
0.6404494382022472,20,3402.0,1676.651685393258
